<?xml version="1.0" encoding="UTF-8"?>
<!--
  Licensed to the Apache Software Foundation (ASF) under one or more
  contributor license agreements.  See the NOTICE file distributed with
  this work for additional information regarding copyright ownership.
  The ASF licenses this file to You under the Apache License, Version 2.0
  (the "License"); you may not use this file except in compliance with
  the License.  You may obtain a copy of the License at

       http://www.apache.org/licenses/LICENSE-2.0

  Unless required by applicable law or agreed to in writing, software
  distributed under the License is distributed on an "AS IS" BASIS,
  WITHOUT WARRANTIES OR CONDITIONS OF ANY KIND, either express or implied.
  See the License for the specific language governing permissions and
  limitations under the License.
-->
<!--suppress SpringFacetInspection -->
<beans xmlns="http://www.springframework.org/schema/beans" xmlns:xsi="http://www.w3.org/2001/XMLSchema-instance"
       xsi:schemaLocation="
       http://www.springframework.org/schema/beans
       http://www.springframework.org/schema/beans/spring-beans.xsd">
    <!--
        Alter configuration below as needed.
    -->

    <bean id="user_cred" class="org.apache.ignite.plugin.security.SecurityCredentials">
        <constructor-arg value="Administrator"/>
        <constructor-arg value="Password123!"/>
    </bean>

    <bean id="allow.all.permissions" class="org.apache.ignite.plugin.security.SecurityBasicPermissionSet">
        <property name="defaultAllowAll" value="true"/>
    </bean>

    <bean id="view.permissions" class="org.apache.ignite.plugin.security.SecurityBasicPermissionSet">
        <property name="defaultAllowAll" value="false"/>
        <property name="systemPermissions">
            <list>
                <value>ADMIN_VIEW</value>
            </list>
        </property>
    </bean>

    <bean id="tester.permissions" class="org.apache.ignite.plugin.security.SecurityBasicPermissionSet">
        <property name="defaultAllowAll" value="false"/>
        <property name="systemPermissions">
            <list>
                <value>ADMIN_VIEW</value>
                <value>ADMIN_QUERY</value>
            </list>
        </property>
    </bean>

    <bean class="org.apache.ignite.configuration.IgniteConfiguration">
        <property name="discoverySpi">
            <bean class="org.apache.ignite.spi.discovery.tcp.TcpDiscoverySpi">
                <property name="ipFinder">
                    <bean class="org.apache.ignite.spi.discovery.tcp.ipfinder.vm.TcpDiscoveryVmIpFinder">
                        <property name="addresses">
                            <list>
                                <value>localhost:47500..47501</value>
                            </list>
                        </property>
                    </bean>
                </property>
            </bean>
        </property>
        <property name="pluginConfigurations">
            <list>
                <!-- GridGain plugin configuration bean. -->
                <bean class="org.gridgain.grid.configuration.GridGainConfiguration">
                    <property name="securityCredentialsProvider">
                        <bean class="org.apache.ignite.plugin.security.SecurityCredentialsBasicProvider">
                            <constructor-arg ref="user_cred"/>
                        </bean>
                    </property>
                    <property name="authenticator">
                        <bean class="rbc.GridGainAuthenticator">
                            <property name="ldapUrl" value="ldap://localhost:389/"/>
							<property name="ldapDomain" value="gridgain.com"/>
							<property name="ldapSearchLocation" value="CN=Users,DC=gridgain,DC=com"/>
							<property name="ldapSecuritySearchFilter" value="CN={USERNAME}"/>
                            <!-- <property name="ldapTrustStore" value="/opt/gdd/datagrid/ignite/config/gdd_ldap_truststore"/> -->
                            <!-- <property name="ldapTrustStorePassword" value="{{ldapTrustStorepwd}}"/> -->
                            <property name="ldapPermissions">
                                <map>
                                    <entry key="CN=AllowAllPermissions,DC=gridgain,DC=com" value-ref="allow.all.permissions"/>
                                    <entry key="CN=TesterPermissions,DC=gridgain,DC=com" value-ref="tester.permissions"/>
                                    <entry key="CN=ViewPermissions,DC=gridgain,DC=com" value-ref="view.permissions"/>
                                </map>
                            </property>
                        </bean>
                    </property>
                </bean>
            </list>
        </property>
    </bean>
</beans>